name,heading,category,desc,domain,website,score,source,status
&facts,Marketing,Marketing,Real-time consumer insights without complex research.. [Contact for Pricing],andfacts.com,https://andfacts.com/,1.0,https://raw.githubusercontent.com/tankvn/awesome-ai-tools/master/README.md,200
123RF,Image Generator,image generators,Transforms text prompts into unique and customizable images for various applications.. [Free Trial],123rf.com,https://123rf.com/,1.0,https://raw.githubusercontent.com/tankvn/awesome-ai-tools/master/README.md,200
15-minute Business Plans,Startup Tools,startup tools,AI-driven strategy crafting in minutes for entrepreneurs on the go.. [Paid],15minutebusinessplans.com,https://15minutebusinessplans.com/,1.0,https://raw.githubusercontent.com/tankvn/awesome-ai-tools/master/README.md,200
1PX.AI,Image Editing,Image Editing,"Revolutionize image editing: AI-driven, bulk processing, customizable workflows.. [Paid]",1px.ai,https://1px.ai/,1.0,https://raw.githubusercontent.com/tankvn/awesome-ai-tools/master/README.md,200
3DAiLY,3D,3D,Unleash AI-driven 3D model creation with artist refinement for game-ready characters and a collaborative marketplace.. [Freemium],3daily.ai,https://3daily.ai/,1.0,https://raw.githubusercontent.com/tankvn/awesome-ai-tools/master/README.md,200
3DFY,Design Generators,design generators,Revolutionize 3D model creation with AI: Text descriptions to detailed assets.. [Free],3dfy.ai,https://3dfy.ai/,1.0,https://raw.githubusercontent.com/tankvn/awesome-ai-tools/master/README.md,200
40h,Personal Assistant,Personal Assistant,"Maximize productivity with AI scheduling, task automation, and insightful analytics.. [Freemium]",40h.io,https://40h.io/,1.0,https://raw.githubusercontent.com/tankvn/awesome-ai-tools/master/README.md,200
6000 Thoughts,Personal Assistant,Personal Assistant,"6000 Thoughts is an innovative AI-based app designed to help users gain clarity of thought, reduce mental distractions, and achieve peace of mind.. [Free]",6000thoughts.com,https://6000thoughts.com/,1.0,https://raw.githubusercontent.com/tankvn/awesome-ai-tools/master/README.md,200
60sec.site,Low-code/no-code,low-code/no-code,Create A Custom Landing Page For Your App in 60 seconds. [Freemium],60sec.site,https://60sec.site/,1.0,https://raw.githubusercontent.com/tankvn/awesome-ai-tools/master/README.md,200
A.V. Mapping,Music,Music,Revolutionize audiovisual syncing with AI-driven precision and speed.. [Freemium],avmapping.co,https://avmapping.co/,1.0,https://raw.githubusercontent.com/tankvn/awesome-ai-tools/master/README.md,200
ABBYY,Legal,Legal,"Converts documents and images into editable, searchable formats.. [Contact for Pricing]",abbyy.com,https://abbyy.com/,1.0,https://raw.githubusercontent.com/tankvn/awesome-ai-tools/master/README.md,200
ACE Studio,Music,Music,AI-driven video editing and collaboration platform for creators.. [Paid],acestudio.ai,https://acestudio.ai/,1.0,https://raw.githubusercontent.com/tankvn/awesome-ai-tools/master/README.md,200
AI ASO Manager,Translator,Translator,Increase Organic Traffic to a Mobile App. [Paid],asomanager.io,https://asomanager.io/,1.0,https://raw.githubusercontent.com/tankvn/awesome-ai-tools/master/README.md,200
AI Assistant,AI Chatbots,ai chatbots,"Boost productivity with personalized AI: research, manage documents, generate content.. [Free Trial]",aiassistant.so,https://aiassistant.so/,1.0,https://raw.githubusercontent.com/tankvn/awesome-ai-tools/master/README.md,200
AI Baby Generator,Image Generator,image generators,AI Baby Generator is an AI-powered tool that predicts what a baby will look like based on parent photos or physical descriptions. . [Paid],aibabygenerator.com,https://aibabygenerator.com/,1.0,https://raw.githubusercontent.com/tankvn/awesome-ai-tools/master/README.md,200
AI Banner,Design Generators,design generators,"Automate, customize, and analyze stunning banners effortlessly.. [Freemium]",app.ai-banner.com,https://app.ai-banner.com/,1.0,https://raw.githubusercontent.com/tankvn/awesome-ai-tools/master/README.md,200
AI Boost,Services,Services,"All-in-one service for creating and editing images with AI: upscale images, swap faces, generate new visuals and avatars, try on outfits, reshape body contours, change backgrounds, retouch faces, and even test out tattoos.",boost.pictures,https://boost.pictures/,1.0,https://raw.githubusercontent.com/mahseema/awesome-ai-tools/main/README.md,200
AI Credit Repair,Personal Assistant,Personal Assistant,Automate credit repair with AI-driven dispute letters.. [Freemium],aicreditrepair.io,https://aicreditrepair.io/,1.0,https://raw.githubusercontent.com/tankvn/awesome-ai-tools/master/README.md,200
AI Diary,Personal Assistant,Personal Assistant,"Revolutionize journaling with AI: mood tracking, voice interaction, secure.. [Freemium]",aidiary.io,https://aidiary.io/,1.0,https://raw.githubusercontent.com/tankvn/awesome-ai-tools/master/README.md,200
AI Domain Genius,Startup Tools,startup tools,"AI-powered tool simplifying creative, bulk domain name generation.. [Free]",aidomaingenius.com,https://aidomaingenius.com/,1.0,https://raw.githubusercontent.com/tankvn/awesome-ai-tools/master/README.md,200
AI Dungeon,Other,Other,A text-based adventure-story game you direct (and star in) while the AI brings it to life.,aidungeon.io,https://aidungeon.io/,1.0,https://raw.githubusercontent.com/mahseema/awesome-ai-tools/main/README.md,206
AI Essay Writer,Writing Generators,Writing Generators,Essay Writer AI Is Here to Save You Time. [Freemium],essaywriters.ai,https://essaywriters.ai/,1.0,https://raw.githubusercontent.com/tankvn/awesome-ai-tools/master/README.md,200
AI Gallery,Image Generator,image generators,"Generated images at speed, with variety.. [Free]",aigallery.app,https://aigallery.app/,1.0,https://raw.githubusercontent.com/tankvn/awesome-ai-tools/master/README.md,200
AI Interior Pro,Design Generators,design generators,Inspiration for interior design projects.. [Freemium],aiinteriorpro.com,https://aiinteriorpro.com/,1.0,https://raw.githubusercontent.com/tankvn/awesome-ai-tools/master/README.md,200
AI Lawyer,Research Assistant,Research Assistant,"Transforms legal tasks with AI: research, paperwork automation, and instant advice.. [Free Trial]",ailawyer.pro,https://ailawyer.pro/,1.0,https://raw.githubusercontent.com/tankvn/awesome-ai-tools/master/README.md,200
AI Manifest,Links,Links,Optional reference for /.well-known/ai.json + OpenAPI/JSON Schema discovery (with MCP/agents.json mapping),ai-manifest.org,https://ai-manifest.org/,1.0,https://raw.githubusercontent.com/tankvn/awesome-ai-tools/master/README.md,200
AI Named My Pet,Fun Tools,Fun Tools,Let AI Named My Pet Give Your Furry Friend the Perfect Name. [Free],ainamedmypet.com,https://ainamedmypet.com/,1.0,https://raw.githubusercontent.com/tankvn/awesome-ai-tools/master/README.md,200
AI Pet Avatar,Avatars,Avatars,"Transform pet photos into unique, creative avatars instantly.. [Paid]",aipetavatar.com,https://aipetavatar.com/,1.0,https://raw.githubusercontent.com/tankvn/awesome-ai-tools/master/README.md,200
AI Photo Forge,Services,Services,A Telegram bot to generate AI pictures of you.,aiphotoforge.com,https://aiphotoforge.com/,1.0,https://raw.githubusercontent.com/mahseema/awesome-ai-tools/main/README.md,200
AI Poem Generator,Other text generators,writing generators,"AI Poem Generator writes a beautiful rhyming poem for you on any subject, given a text prompt.",aipoemgenerator.org,https://aipoemgenerator.org/,1.0,https://raw.githubusercontent.com/mahseema/awesome-ai-tools/main/README.md,200
AI Power,Copywriting,Copywriting,"Generate high-quality content, images, and forms for WordPress.. [Freemium]",aipower.org,https://aipower.org/,1.0,https://raw.githubusercontent.com/tankvn/awesome-ai-tools/master/README.md,200
AI Profile Pictures,Image Editing,Image Editing,"Generate diverse, high-quality profile photos using advanced AI.. [Paid]",aiprofilepictures.com,https://aiprofilepictures.com/,1.0,https://raw.githubusercontent.com/tankvn/awesome-ai-tools/master/README.md,200
AI Prompt Randomizer,Prompt Generators,Prompt Generators,"Unleash creativity with customizable, randomized prompt generation.. [Free]",promptrandomizer.tdbr.de,https://promptrandomizer.tdbr.de/,1.0,https://raw.githubusercontent.com/tankvn/awesome-ai-tools/master/README.md,200
AI Room Planner,Real Estate,Real Estate,"Get free, unlimited interior design ideas for your room with AI.. [Free Trial]",airoomplanner.com,https://airoomplanner.com/,1.0,https://raw.githubusercontent.com/tankvn/awesome-ai-tools/master/README.md,200
AI SWOT Analysis,Research Assistant,Research Assistant,"Revolutionize strategic planning with AI-driven SWOT analysis—fast, accurate, customizable.. [Free]",swotanalysis.dev,https://swotanalysis.dev/,1.0,https://raw.githubusercontent.com/tankvn/awesome-ai-tools/master/README.md,200
AI Scam Detective,AI Detection,AI Detection,AI Scam Detective: Instant text-based scam analysis.. [Free],aiscamdetective.com,https://aiscamdetective.com/,1.0,https://raw.githubusercontent.com/tankvn/awesome-ai-tools/master/README.md,200
AI Screenwriter,Storyteller,Storyteller,"Revolutionize screenplay creation with AI-driven, multilingual support.. [Freemium]",aiscreenwriter.com,https://aiscreenwriter.com/,1.0,https://raw.githubusercontent.com/tankvn/awesome-ai-tools/master/README.md,200
AI Sidekick,Storyteller,Storyteller,"Enhance team productivity, morale, and prevent burnout within Slack. . [Paid]",trysidekick.io,https://trysidekick.io/,1.0,https://raw.githubusercontent.com/tankvn/awesome-ai-tools/master/README.md,200
AI Social Bio,Social Media,Social Media,Automatically generate your social media bio. [Free],aisocialbio.com,https://aisocialbio.com/,1.0,https://raw.githubusercontent.com/tankvn/awesome-ai-tools/master/README.md,200
AI Spend,Finance,finance,Effortlessly track and manage your OpenAI API costs.. [Paid],aispend.io,https://aispend.io/,1.0,https://raw.githubusercontent.com/tankvn/awesome-ai-tools/master/README.md,200
AI Squared,Startup Tools,startup tools,Streamline AI and data insights into business workflows effortlessly.. [Contact for Pricing],squared.ai,https://squared.ai/,1.0,https://raw.githubusercontent.com/tankvn/awesome-ai-tools/master/README.md,200
AI Story,Storyteller,Storyteller,Generate compelling stories effortlessly with advanced AI-driven capabilities.. [Free],aistorygenerator.org,https://aistorygenerator.org/,1.0,https://raw.githubusercontent.com/tankvn/awesome-ai-tools/master/README.md,200
AI Templates,Prompt Generators,Prompt Generators,Boost productivity for solopreneurs with production-ready prompts. [Free],aitemplates.ai,https://aitemplates.ai/,1.0,https://raw.githubusercontent.com/tankvn/awesome-ai-tools/master/README.md,200
AI Watermark Remover,Other,Other,Remove watermarks from images and videos.,aiwatermarkremover.io,https://aiwatermarkremover.io/,1.0,https://raw.githubusercontent.com/mahseema/awesome-ai-tools/main/README.md,200
AI Wedding Toast,Other,Other,Generate a personalized wedding speech with AI,aiweddingtoast.com,https://aiweddingtoast.com/,1.0,https://raw.githubusercontent.com/mahseema/awesome-ai-tools/main/README.md,200
AI for Google Slides,Productivity,personal assistant,AI presentation maker for Google Slides,aiforgoogleslides.com,https://aiforgoogleslides.com/,1.0,https://raw.githubusercontent.com/mahseema/awesome-ai-tools/main/README.md,200
AI hub,Startup Tools,startup tools,"AI Hub Converse lets users such as professionals and businesses to instantly have interactive conversations, get answers to questions, summarize, and more from content such as documents, spreadsheets, and even images.. [Freemium]",aihub.instabase.com,https://aihub.instabase.com/,1.0,https://raw.githubusercontent.com/tankvn/awesome-ai-tools/master/README.md,200
AI is a Joke,Fun Tools,Fun Tools,"AI-driven humor generation across multiple categories, easily shareable.. [Free]",aiisajoke.com,https://aiisajoke.com/,1.0,https://raw.githubusercontent.com/tankvn/awesome-ai-tools/master/README.md,200
AI-Flow,Other,Other,Connect multiple AI models easily.,ai-flow.net,https://ai-flow.net/,1.0,https://raw.githubusercontent.com/mahseema/awesome-ai-tools/main/README.md,200
AI-Writer,SEO,SEO,"Revolutionizes content creation with AI-driven, SEO-optimized articles.. [Free Trial]",ai-writer.com,https://ai-writer.com/,1.0,https://raw.githubusercontent.com/tankvn/awesome-ai-tools/master/README.md,200
AIApply,Personal Assistant,Personal Assistant,"Your AI-powered job search assistant with personalized applications, interview prep, and professional headshots.. [Free Trial]",aiapply.co,https://aiapply.co/,1.0,https://raw.githubusercontent.com/tankvn/awesome-ai-tools/master/README.md,200
AIArt.fm,Image Generator,image generators,AIArt.fm is an online collection of imagery generated by artificial intelligence.. [Free],aiart.fm,https://aiart.fm/,1.0,https://raw.githubusercontent.com/tankvn/awesome-ai-tools/master/README.md,200
AIBrane,Social Media,Social Media,"Boost productivity across emails, social media, and data analysis.. [Free]",aibrane.com,https://aibrane.com/,1.0,https://raw.githubusercontent.com/tankvn/awesome-ai-tools/master/README.md,200
AICamp,Chatbots,ai chatbots,*[reviews](#)* - ChatGPT for Teams,aicamp.so,https://aicamp.so/,1.0,https://raw.githubusercontent.com/mahseema/awesome-ai-tools/main/README.md,200
AICommit,Code Assistant,Code Assistant,AI-powered programming assistant for JetBrains IDEs!. [Free Trial],aicommit.app,https://aicommit.app/,1.0,https://raw.githubusercontent.com/tankvn/awesome-ai-tools/master/README.md,200
AINiro,AI Chatbots,ai chatbots,"Automate customer service, sales, and workflows with custom AI.. [Paid]",ainiro.io,https://ainiro.io/,1.0,https://raw.githubusercontent.com/tankvn/awesome-ai-tools/master/README.md,200
AISEO,Copywriting,Copywriting,"Supercharge your writing skills with AI-generated, SEO-optimized content.. [Free Trial]",aiseo.ai,https://aiseo.ai/,1.0,https://raw.githubusercontent.com/tankvn/awesome-ai-tools/master/README.md,200
AISaver,Other,Other,Collection of AI Powered Video and Photo Tools,aisaver.io,https://aisaver.io/,1.0,https://raw.githubusercontent.com/mahseema/awesome-ai-tools/main/README.md,200
AIVA,AI Music Generators,AI Music Generators,[Review](https://theresanai.com/aiva) - AI composer specializing in classical and cinematic music creation.,aiva.ai,https://aiva.ai/,1.0,https://raw.githubusercontent.com/mahseema/awesome-ai-tools/main/README.md,200
APEX,AI Agents,AI Agents,"Enhance AI security, ensure compliance, boost productivity.. [Contact for Pricing]",apexhq.ai,https://apexhq.ai/,1.0,https://raw.githubusercontent.com/tankvn/awesome-ai-tools/master/README.md,200
AWS Docs GPT,Search Engine,Search Engine,AI-powered Search & Chat for AWS Documentation. [Free],awsdocsgpt.com,https://awsdocsgpt.com/,1.0,https://raw.githubusercontent.com/tankvn/awesome-ai-tools/master/README.md,200
AWSME AI,Customer Support,customer support,"Revolutionize customer interactions with AI-driven, multimedia-enhanced communication.. [Paid]",awsme.ai,https://awsme.ai/,1.0,https://raw.githubusercontent.com/tankvn/awesome-ai-tools/master/README.md,200
AX Semantics,Project Management,Project Management,"Automate multilingual content creation, personalization, and updates effortlessly.. [Paid]",en.ax-semantics.com,https://en.ax-semantics.com/,1.0,https://raw.githubusercontent.com/tankvn/awesome-ai-tools/master/README.md,200
Abnormal Security,Email Assistants,Email Assistants,"Advanced email protection to prevent credential phishing, business email compromise, account takeover, and more.. [Contact for Pricing]",abnormalsecurity.com,https://abnormalsecurity.com/,1.0,https://raw.githubusercontent.com/tankvn/awesome-ai-tools/master/README.md,200
Abun,SEO,SEO,"Revolutionizing content creation and SEO with AI automation, targeting organic traffic growth across diverse industries.. [Freemium]",abun.com,https://abun.com/,1.0,https://raw.githubusercontent.com/tankvn/awesome-ai-tools/master/README.md,200
Abyss,Workflows,Workflows,AI Widgets simplify workflow automation for non-technical users.. [Freemium],abysshub.com,https://abysshub.com/,1.0,https://raw.githubusercontent.com/tankvn/awesome-ai-tools/master/README.md,200
Accubits,Startup Tools,startup tools,Revolutionizing Efficiency with Cutting-Edge Technology. [Contact for Pricing],accubits.com,https://accubits.com/,1.0,https://raw.githubusercontent.com/tankvn/awesome-ai-tools/master/README.md,200
Acrylic,Design Generators,design generators,"Revolutionize interior design with AI-generated, AR-enhanced custom art.. [Free]",acrylic.typedream.app,https://acrylic.typedream.app/,1.0,https://raw.githubusercontent.com/tankvn/awesome-ai-tools/master/README.md,200
Actual Chat,Transcriber,Transcriber,"Revolutionizes communication with real-time audio, live transcription, and AI.. [Free]",actual.chat,https://actual.chat/,1.0,https://raw.githubusercontent.com/tankvn/awesome-ai-tools/master/README.md,200
Ad Auris,Text To Speech,writing generators,"Transform text into engaging, high-quality audio effortlessly.. [Free Trial]",play.ad-auris.com,https://play.ad-auris.com/,1.0,https://raw.githubusercontent.com/tankvn/awesome-ai-tools/master/README.md,200
AdCopy,Social Media,Social Media,Generate custom ad copy prompts for digital advertisers.. [Paid],adcopy.ai,https://adcopy.ai/,1.0,https://raw.githubusercontent.com/tankvn/awesome-ai-tools/master/README.md,200
AdIntelli,Marketing,Marketing,Monetize AI Agents with seamless in-chat ads.. [Contact for Pricing],adintelli.ai,https://adintelli.ai/,1.0,https://raw.githubusercontent.com/tankvn/awesome-ai-tools/master/README.md,200
Ada,E-commerce,E-commerce,Revolutionize customer service with AI across all digital platforms.. [Contact for Pricing],ada.cx,https://ada.cx/,1.0,https://raw.githubusercontent.com/tankvn/awesome-ai-tools/master/README.md,200
Adam.ai,Summarizer,Summarizer,All-in-one meeting platform powered by AI. [Freemium],adam.ai,https://adam.ai/,1.0,https://raw.githubusercontent.com/tankvn/awesome-ai-tools/master/README.md,200
Adaptify,SEO,SEO,Empower Business Success with AI-Powered ChatGPT. [Paid],adaptify.ai,https://adaptify.ai/,1.0,https://raw.githubusercontent.com/tankvn/awesome-ai-tools/master/README.md,200
Adaptive,AI Chatbots,ai chatbots,"Revolutionize business AI with tailored, private, fast model tuning.. [Contact for Pricing]",adaptive-ml.com,https://adaptive-ml.com/,1.0,https://raw.githubusercontent.com/tankvn/awesome-ai-tools/master/README.md,200
Adaptive Insights,Finance,finance,AI-driven comprehensive business planning.. [Contact for Pricing],adaptiveinsights.com,https://adaptiveinsights.com/,1.0,https://raw.githubusercontent.com/tankvn/awesome-ai-tools/master/README.md,200
Adcrafter.ai,Copywriting,Copywriting,Automate Google Ads copy from your Landingpage. [Free Trial],adcrafter.ai,https://adcrafter.ai/,1.0,https://raw.githubusercontent.com/tankvn/awesome-ai-tools/master/README.md,200
Adsby,Marketing,Marketing,"Maximize ad impact with AI-driven creation, optimization, and keyword suggestions.. [Free Trial]",adsby.co,https://adsby.co/,1.0,https://raw.githubusercontent.com/tankvn/awesome-ai-tools/master/README.md,200
Afforai,Research Assistant,Research Assistant,Unlock Efficiency with Superior Document Interaction. [Paid],afforai.com,https://afforai.com/,1.0,https://raw.githubusercontent.com/tankvn/awesome-ai-tools/master/README.md,200
Aflorithmic,Audio Editing,Audio Editing,Aflorithmic is an innovative AI Audio-as-a-Service platform that empowers users to create audio at scale with unparalleled efficiency and cost-effectiveness. . [Freemium],aflorithmic.ai,https://aflorithmic.ai/,1.0,https://raw.githubusercontent.com/tankvn/awesome-ai-tools/master/README.md,200
Agent,Startup Tools,startup tools,Effortlessly train and utilize personalized AI agents for a wide range of tasks.. [Freemium],agent.so,https://agent.so/,1.0,https://raw.githubusercontent.com/tankvn/awesome-ai-tools/master/README.md,200
AgentDock,Developer tools,code assistant,Unified infrastructure for AI agents and automation. One API key for all services instead of managing dozens. Build production-ready agents without operational complexity.,agentdock.ai,https://agentdock.ai/,1.0,https://raw.githubusercontent.com/mahseema/awesome-ai-tools/main/README.md,200
Agenta,Developer tools,code assistant,"Open-source LLMOps platform for prompt management, LLM evaluation, and observability. Build, evaluate, and monitor production-grade LLM applications. [#opensource](https://github.com/agenta-ai/agenta)",agenta.ai,https://agenta.ai/,1.0,https://raw.githubusercontent.com/mahseema/awesome-ai-tools/main/README.md,200
Agentic,Education,Education,"Revolutionize game development with scalable, intuitive AI integration and insights.. [Contact for Pricing]",agentic.ai,https://agentic.ai/,1.0,https://raw.githubusercontent.com/tankvn/awesome-ai-tools/master/README.md,200
Agentplace,AI Chatbots,ai chatbots,AI platform streamlines real estate management and client interactions.. [Freemium],agentplace.io,https://agentplace.io/,1.0,https://raw.githubusercontent.com/tankvn/awesome-ai-tools/master/README.md,200
AgentsForce,Customer Support,customer support,Automates 70% of customer tickets with 99.8% accuracy.. [Paid],agentsforce.com,https://agentsforce.com/,1.0,https://raw.githubusercontent.com/tankvn/awesome-ai-tools/master/README.md,200
Agentset.ai,Search engines,search engine,Open-source local Semantic Search + RAG for your data,agentset.ai,https://agentset.ai/,1.0,https://raw.githubusercontent.com/mahseema/awesome-ai-tools/main/README.md,200
Agora,Social Media,Social Media,Real-time voice and video integration for apps.. [Contact for Pricing],agora.io,https://agora.io/,1.0,https://raw.githubusercontent.com/tankvn/awesome-ai-tools/master/README.md,200
Agree,Legal,Legal,Streamline contract management with AI-driven creation and collaboration.. [Contact for Pricing],agree.com,https://agree.com/,1.0,https://raw.githubusercontent.com/tankvn/awesome-ai-tools/master/README.md,200
Ai Intern,Code Assistant,Code Assistant,"Streamline tasks with AI: content, coding, reports, translations via Slack.. [Freemium]",aiintern.io,https://aiintern.io/,1.0,https://raw.githubusercontent.com/tankvn/awesome-ai-tools/master/README.md,200
AiAgent.app,AI Agents,AI Agents,"Revolutionize productivity with AI: task automation, coding, web navigation, file management.. [Freemium]",aiagent.app,https://aiagent.app/,1.0,https://raw.githubusercontent.com/tankvn/awesome-ai-tools/master/README.md,200
AiBERT,Personal Assistant,Personal Assistant,Instant text and image generation via WhatsApp.. [Paid],aibert.co,https://aibert.co/,1.0,https://raw.githubusercontent.com/tankvn/awesome-ai-tools/master/README.md,200
AiCogni,Personal Assistant,Personal Assistant,Revolutionize interactions with AI-driven multilingual voice and writing assistant.. [Freemium],aicogni.com,https://aicogni.com/,1.0,https://raw.githubusercontent.com/tankvn/awesome-ai-tools/master/README.md,200
AiGPT,Writing Generators,Writing Generators,"Unlock limitless AI creativity for free, effortlessly—text, images, reports.. [Free Trial]",aigptfree.com,https://aigptfree.com/,1.0,https://raw.githubusercontent.com/tankvn/awesome-ai-tools/master/README.md,200
AiPassportPhotos,Image Editing,Image Editing,Create compliant passport and visa photos effortlessly with AI precision.. [Paid],aipassportphotos.com,https://aipassportphotos.com/,1.0,https://raw.githubusercontent.com/tankvn/awesome-ai-tools/master/README.md,200
Aicontentfy,Copywriting,Copywriting,"AIContentfy is an advanced AI tool that revolutionizes content creation by generating high-quality, tailored content at a fraction of the time and cost of manual production.. [Free]",aicontentfy.com,https://aicontentfy.com/,1.0,https://raw.githubusercontent.com/tankvn/awesome-ai-tools/master/README.md,200
Aidbase,Customer Support,customer support,AI-Powered Support for your SaaS startup.,aidbase.ai,https://aidbase.ai/,1.0,https://raw.githubusercontent.com/mahseema/awesome-ai-tools/main/README.md,200
Aide.app,Customer Support,customer support,"AI-driven issue visualization & solutions for fast, accurate responses & improved user satisfaction.. [Contact for Pricing]",aide.app,https://aide.app/,1.0,https://raw.githubusercontent.com/tankvn/awesome-ai-tools/master/README.md,200
Aihairstyles.com,Avatars,Avatars,"Explore new hairstyles and colors virtually, instantly.. [Paid]",aihairstyles.com,https://aihairstyles.com/,1.0,https://raw.githubusercontent.com/tankvn/awesome-ai-tools/master/README.md,200
Ailiverse,Startup Tools,startup tools,Ailiverse NeuCore is a no-code AI solution that enables businesses to quickly and efficiently develop custom vision AI models.. [Contact for Pricing],ailiverse.com,https://ailiverse.com/,1.0,https://raw.githubusercontent.com/tankvn/awesome-ai-tools/master/README.md,200
Aim Security,AI Detection,AI Detection,"Secure, manage, and comply GenAI enterprise applications effortlessly.. [Contact for Pricing]",aim.security,https://aim.security/,1.0,https://raw.githubusercontent.com/tankvn/awesome-ai-tools/master/README.md,200
Airkit,Customer Support,customer support,"Streamlines app creation, testing, and deployment for customer experiences.. [Contact for Pricing]",airkit.ai,https://airkit.ai/,1.0,https://raw.githubusercontent.com/tankvn/awesome-ai-tools/master/README.md,200
AiryChat,AI Chatbots,ai chatbots,"Learn how to use AI, learn new skills, or scale your business with the most capable AI Assistants.. [Free Trial]",airychat.com,https://airychat.com/,1.0,https://raw.githubusercontent.com/tankvn/awesome-ai-tools/master/README.md,200
Aitohumantext,Paraphrasing,Paraphrasing,"Humanizes AI-generated text, ensuring natural readability effortlessly.. [Paid]",aitohumantext.com,https://aitohumantext.com/,1.0,https://raw.githubusercontent.com/tankvn/awesome-ai-tools/master/README.md,200
Aitubo,Image Generator,image generators,AI-driven tool for instant image and video creation.. [Free],creator.aitubo.ai,https://creator.aitubo.ai/,1.0,https://raw.githubusercontent.com/tankvn/awesome-ai-tools/master/README.md,200
Aiwriter.fi,Image Generator,image generators,AIWriter is an advanced AI-powered content creation platform that offers a variety of features to make content creation effortless. . [Free Trial],aiwriter.fi,https://aiwriter.fi/,1.0,https://raw.githubusercontent.com/tankvn/awesome-ai-tools/master/README.md,200
Ai|coustics,Audio Editing,Audio Editing,Transform Your Audio Content: Elevate Speech Quality to Studio-Level with Ease. [Freemium],ai-coustics.com,https://ai-coustics.com/,1.0,https://raw.githubusercontent.com/tankvn/awesome-ai-tools/master/README.md,200
Aksu,Copywriting,Copywriting,"Automates SEO-friendly, long-form content creation with WordPress integration.. [Paid]",aksu.ai,https://aksu.ai/,1.0,https://raw.githubusercontent.com/tankvn/awesome-ai-tools/master/README.md,200
Albert,Social Media,Social Media,"AI-driven, automates, optimizes multi-channel digital campaigns.. [Contact for Pricing]",albert.ai,https://albert.ai/,1.0,https://raw.githubusercontent.com/tankvn/awesome-ai-tools/master/README.md,200
Alchemi,SEO,SEO,"Streamlines content workflows, boosts SEO performance, and maintains a consistent brand voice.. [Paid]",alchemi.ai,https://alchemi.ai/,1.0,https://raw.githubusercontent.com/tankvn/awesome-ai-tools/master/README.md,200
Alembic,Marketing,Marketing,"AI-driven tool for data visualization, predictive analytics, and reporting.. [Contact for Pricing]",getalembic.com,https://getalembic.com/,1.0,https://raw.githubusercontent.com/tankvn/awesome-ai-tools/master/README.md,200
Alethea,Cartoon Generators,Cartoon Generators,"Create, customize, and own AI characters with blockchain-enhanced generative AI.. [Free]",alethea.ai,https://alethea.ai/,1.0,https://raw.githubusercontent.com/tankvn/awesome-ai-tools/master/README.md,200
Alice,Personal Assistant,Personal Assistant,"Boost productivity with AI-powered privacy, customization, and app integration.. [Paid]",heyalice.app,https://heyalice.app/,1.0,https://raw.githubusercontent.com/tankvn/awesome-ai-tools/master/README.md,200
Alicent,AI Chatbots,ai chatbots,Enhances Chrome browsing with real-time AI interaction and task automation.. [Freemium],alicent.ai,https://alicent.ai/,1.0,https://raw.githubusercontent.com/tankvn/awesome-ai-tools/master/README.md,200
All Search AI,Search Engine,Search Engine,Revolutionize data search with AI-driven precision and efficiency.. [Free],allsearch.ai,https://allsearch.ai/,1.0,https://raw.githubusercontent.com/tankvn/awesome-ai-tools/master/README.md,200
AllMind AI,Stock Trading,Stock Trading,Revolutionize investing with real-time AI-driven stock insights.. [Freemium],allmindinvestments.com,https://allmindinvestments.com/,1.0,https://raw.githubusercontent.com/tankvn/awesome-ai-tools/master/README.md,200
AllWrite,Writing Generators,Writing Generators,Aid in mobile writing tasks.. [Freemium],getallwrite.com,https://getallwrite.com/,1.0,https://raw.githubusercontent.com/tankvn/awesome-ai-tools/master/README.md,200
Allcancode,Project Management,Project Management,Instantly estimate product idea costs and timelines with AI-driven insights.. [Paid],allcancode.com,https://allcancode.com/,1.0,https://raw.githubusercontent.com/tankvn/awesome-ai-tools/master/README.md,200
Allofus,Education,Education,"Initiate conversations effortlessly, allowing seamless access through popular social media accounts. . [Free]",allofus.ai,https://allofus.ai/,1.0,https://raw.githubusercontent.com/tankvn/awesome-ai-tools/master/README.md,200
Alpaca,Services,Services,Stable Diffusion Photoshop plugin.,getalpaca.io,https://getalpaca.io/,1.0,https://raw.githubusercontent.com/mahseema/awesome-ai-tools/main/README.md,200
AlphaResearch,Finance,finance,Revolutionize financial document analysis with AI-powered insights.. [Free Trial],alpharesearch.io,https://alpharesearch.io/,1.0,https://raw.githubusercontent.com/tankvn/awesome-ai-tools/master/README.md,200
Alter AI,Image Editing,Image Editing,Generate professional headshots from selfies. [Free Trial],getalter.ai,https://getalter.ai/,1.0,https://raw.githubusercontent.com/tankvn/awesome-ai-tools/master/README.md,200
Altered,Audio Editing,Audio Editing,"Transform voices instantly: media production, live morphing, voice cloning.. [Paid]",altered.ai,https://altered.ai/,1.0,https://raw.githubusercontent.com/tankvn/awesome-ai-tools/master/README.md,200
Alva,Project Management,Project Management,"Enhance productivity with AI-driven chat, image, and language tools.. [Freemium]",alva.solutions,https://alva.solutions/,1.0,https://raw.githubusercontent.com/tankvn/awesome-ai-tools/master/README.md,200
Am I balding?,Research Assistant,Research Assistant,"Instant, private AI hair loss analysis.. [Free]",amibalding.co,https://amibalding.co/,1.0,https://raw.githubusercontent.com/tankvn/awesome-ai-tools/master/README.md,200
Ambience Healthcare,Health,Health,AI-driven healthcare documentation and workflow optimization.. [Contact for Pricing],ambiencehealthcare.com,https://ambiencehealthcare.com/,1.0,https://raw.githubusercontent.com/tankvn/awesome-ai-tools/master/README.md,200
Amto AI,Legal,Legal,Automated legal docs and research for lawyers.. [Paid],amto.ai,https://amto.ai/,1.0,https://raw.githubusercontent.com/tankvn/awesome-ai-tools/master/README.md,200
Anaconda,Startup Tools,startup tools,Streamline data science and AI workflows with comprehensive toolsets.. [Paid],anaconda.com,https://anaconda.com/,1.0,https://raw.githubusercontent.com/tankvn/awesome-ai-tools/master/README.md,200
Anania,SQL,SQL,Streamline analytics and document management with AI-driven integration.. [Contact for Pricing],anania.ai,https://anania.ai/,1.0,https://raw.githubusercontent.com/tankvn/awesome-ai-tools/master/README.md,200
Andeavour.AI,Human Resources,Human Resources,Enhance business operations with advanced analytics and automation.. [Contact for Pricing],andeavour.io,https://andeavour.io/,1.0,https://raw.githubusercontent.com/tankvn/awesome-ai-tools/master/README.md,200
Anse,Search Engine,Search Engine,"Simplify web scraping with Anse's powerful, intuitive data extraction.. [Paid]",anse.app,https://anse.app/,1.0,https://raw.githubusercontent.com/tankvn/awesome-ai-tools/master/README.md,200
Answerly,Customer Support,customer support,24/7 Customer Support AI Chatbot for Your Business. [Free Trial],answerly.io,https://answerly.io/,1.0,https://raw.githubusercontent.com/tankvn/awesome-ai-tools/master/README.md,200
Antispace,Personal Assistant,Personal Assistant,"AI-driven tool automates emails, calendars, notes, Slack, GitHub.. [Contact for Pricing]",antispace.sh,https://antispace.sh/,1.0,https://raw.githubusercontent.com/tankvn/awesome-ai-tools/master/README.md,200
Aomni,Research Assistant,Research Assistant,Web-based retrieval and processing of intelligent info.. [Free Trial],aomni.com,https://aomni.com/,1.0,https://raw.githubusercontent.com/tankvn/awesome-ai-tools/master/README.md,200
AppIcons AI,Design Generators,design generators,"Revolutionize app icon design with AI-driven, user-friendly tools.. [Freemium]",appicons.ai,https://appicons.ai/,1.0,https://raw.githubusercontent.com/tankvn/awesome-ai-tools/master/README.md,200
Apriora,Human Resources,Human Resources,Streamline decision-making with AI-powered predictive analytics.. [Contact for Pricing],apriora.ai,https://apriora.ai/,1.0,https://raw.githubusercontent.com/tankvn/awesome-ai-tools/master/README.md,200
Arcane,Social Media,Social Media,"Streamline LinkedIn content creation; automate research, repurpose blogs.. [Freemium]",tryarcane.com,https://tryarcane.com/,1.0,https://raw.githubusercontent.com/tankvn/awesome-ai-tools/master/README.md,200
Archie,Project Management,Project Management,"Revolutionizes software planning, design with AI-driven efficiency.. [Freemium]",archie.8base.com,https://archie.8base.com/,1.0,https://raw.githubusercontent.com/tankvn/awesome-ai-tools/master/README.md,200
Architect AI,Design Generators,design generators,"Transform sketches to cinematic renders instantly, enhancing architectural visualization affordably.. [Paid]",ai-architect.net,https://ai-architect.net/,1.0,https://raw.githubusercontent.com/tankvn/awesome-ai-tools/master/README.md,200
ArchitectAI,Design Generators,design generators,ArchitectAI.app is an AI-powered tool that provides the world's first AI architecture and interior designer.. [Free Trial],architectai.app,https://architectai.app/,1.0,https://raw.githubusercontent.com/tankvn/awesome-ai-tools/master/README.md,200
Architecture Helper,Other,Other,"Analyze any building architecture, and generate your own custom styles, in seconds.",architecturehelper.com,https://architecturehelper.com/,1.0,https://raw.githubusercontent.com/mahseema/awesome-ai-tools/main/README.md,200
Arena Chat,AI Chatbots,ai chatbots,"Boost e-commerce with AI-driven chat, analytics, and multilingual support.. [Freemium]",arenachat.com,https://arenachat.com/,1.0,https://raw.githubusercontent.com/tankvn/awesome-ai-tools/master/README.md,200
ArtblastAI,Image Generator,image generators,AI-powered image generator that transforms images into dream-like art. [Freemium],artblastai.com,https://artblastai.com/,1.0,https://raw.githubusercontent.com/tankvn/awesome-ai-tools/master/README.md,200
Artemis AI,Storyteller,Storyteller,Create personalized bedtime stories for children. . [Free Trial],artemisapp.ai,https://artemisapp.ai/,1.0,https://raw.githubusercontent.com/tankvn/awesome-ai-tools/master/README.md,200
Artflow ai,Storyteller,Storyteller,Animated Stories with AI-generated assets & original characters. [Free],artflow.ai,https://artflow.ai/,1.0,https://raw.githubusercontent.com/tankvn/awesome-ai-tools/master/README.md,200
Article Factory,Copywriting,Copywriting,Efficient AI-driven content and image creation tool.. [Free Trial],article-factory.com,https://article-factory.com/,1.0,https://raw.githubusercontent.com/tankvn/awesome-ai-tools/master/README.md,200
Article.Audio,Text To Speech,writing generators,"Transform articles into high-quality, customizable audio effortlessly.. [Freemium]",article.audio,https://article.audio/,1.0,https://raw.githubusercontent.com/tankvn/awesome-ai-tools/master/README.md,200
ArtizYou,Legal,Legal,"Secure, blockchain-based IP protection and plagiarism detection.. [Paid]",artizyou.com,https://artizyou.com/,1.0,https://raw.githubusercontent.com/tankvn/awesome-ai-tools/master/README.md,200
Artsmart.ai,Avatars,Avatars,"AI-driven design, high-resolution, real-time collaboration.. [Free Trial]",artsmart.ai,https://artsmart.ai/,1.0,https://raw.githubusercontent.com/tankvn/awesome-ai-tools/master/README.md,200
Arvin,Writing Generators,Writing Generators,"Transform browsing with AI: chat, write, analyze, create.. [Paid]",tryarvin.com,https://tryarvin.com/,1.0,https://raw.githubusercontent.com/tankvn/awesome-ai-tools/master/README.md,200
AsInstant,Customer Support,customer support,Specializing in marketing and customer support management. [Paid],asinstant.com,https://asinstant.com/,1.0,https://raw.githubusercontent.com/tankvn/awesome-ai-tools/master/README.md,200
Ascent RegTech,Startup Tools,startup tools,Streamline Your Regulatory Compliance with Precision. [Contact for Pricing],ascentregtech.com,https://ascentregtech.com/,1.0,https://raw.githubusercontent.com/tankvn/awesome-ai-tools/master/README.md,200
Ask Command,Writing Generators,Writing Generators,AI-powered Unix command reminders for macOS users.. [Freemium],askcommand.com,https://askcommand.com/,1.0,https://raw.githubusercontent.com/tankvn/awesome-ai-tools/master/README.md,200
Ask Klem,Fashion,Fashion,"Your Wardrobe, Decoded. [Paid]",askklem.com,https://askklem.com/,1.0,https://raw.githubusercontent.com/tankvn/awesome-ai-tools/master/README.md,200
Ask String,SQL,SQL,"Transform data: analyze, visualize, manage—intuitively, efficiently.. [Contact for Pricing]",askstring.com,https://askstring.com/,1.0,https://raw.githubusercontent.com/tankvn/awesome-ai-tools/master/README.md,200
Ask an AI,Search Engine,Search Engine,"Instant, context-aware AI query resolution tool.. [Free]",askan.ai,https://askan.ai/,1.0,https://raw.githubusercontent.com/tankvn/awesome-ai-tools/master/README.md,200
AskBooks,Summarizer,Summarizer,"AI-powered summaries and interactive Q&A with 2,000+ books.. [Freemium]",askbooks.ai,https://askbooks.ai/,1.0,https://raw.githubusercontent.com/tankvn/awesome-ai-tools/master/README.md,200
AskBrian.ai,Presentations,Presentations,"Enhances productivity, automates tasks, supports multilingual translations.. [Free Trial]",askbrian.ai,https://askbrian.ai/,1.0,https://raw.githubusercontent.com/tankvn/awesome-ai-tools/master/README.md,200
AskCSV,Spreadsheets,Spreadsheets,Analyze CSV data effortlessly using natural language queries.. [Freemium],askcsv.com,https://askcsv.com/,1.0,https://raw.githubusercontent.com/tankvn/awesome-ai-tools/master/README.md,200
AskCodi,Code Assistant,Code Assistant,"Revolutionize coding: instant suggestions, debugging, multi-language support.. [Freemium]",askcodi.com,https://askcodi.com/,1.0,https://raw.githubusercontent.com/tankvn/awesome-ai-tools/master/README.md,200
AskNotion,Education,Education,"Transform Notion pages into interactive AI chatbots, no coding needed.. [Free Trial]",asknotion.app,https://asknotion.app/,1.0,https://raw.githubusercontent.com/tankvn/awesome-ai-tools/master/README.md,200
AskNow,Fun Tools,Fun Tools,Ask famous people questions & get AI-summarized answers. [Free],asknow.ai,https://asknow.ai/,1.0,https://raw.githubusercontent.com/tankvn/awesome-ai-tools/master/README.md,200
AskToSell,Customer Support,customer support,Automate customer management and boost revenue with AI agents.. [Paid],asktosell.com,https://asktosell.com/,1.0,https://raw.githubusercontent.com/tankvn/awesome-ai-tools/master/README.md,200
Askpot,Startup Tools,startup tools,"Optimize landing pages, enhance conversions, track user interactions.. [Freemium]",askpot.com,https://askpot.com/,1.0,https://raw.githubusercontent.com/tankvn/awesome-ai-tools/master/README.md,200
Asktro,Search Engine,Search Engine,AI-powered chatbots enhancing communication and automating workflows seamlessly.. [Free Trial],asktro.com,https://asktro.com/,1.0,https://raw.githubusercontent.com/tankvn/awesome-ai-tools/master/README.md,200
Aspect,Human Resources,Human Resources,Human-Level AI Notes For All Your Interviews. [Free],aspect-hq.com,https://aspect-hq.com/,1.0,https://raw.githubusercontent.com/tankvn/awesome-ai-tools/master/README.md,200
Aspen.io,Code Assistant,Code Assistant,"AI-enhanced API testing and code generation, tailored for Apple OS.. [Free]",getaspen.io,https://getaspen.io/,1.0,https://raw.githubusercontent.com/tankvn/awesome-ai-tools/master/README.md,200
Assisterr,Personal Assistant,Personal Assistant,"Boost productivity with AI: task management, data insights, customizable, integrates widely.. [Contact for Pricing]",assisterr.xyz,https://assisterr.xyz/,1.0,https://raw.githubusercontent.com/tankvn/awesome-ai-tools/master/README.md,200
Athena,Research Assistant,Research Assistant,"AI-driven decision support for defense, enhancing situational awareness.. [Contact for Pricing]",athenadefence.ai,https://athenadefence.ai/,1.0,https://raw.githubusercontent.com/tankvn/awesome-ai-tools/master/README.md,200
Athina,AI Agents,AI Agents,"Elevate LLM reliability: monitor, evaluate, deploy with unmatched precision.. [Contact for Pricing]",athina.ai,https://athina.ai/,1.0,https://raw.githubusercontent.com/tankvn/awesome-ai-tools/master/README.md,200
Atlabs,Text To Video,writing generators,Transforming Video Creation for Businesses. [Freemium],atlabs.ai,https://atlabs.ai/,1.0,https://raw.githubusercontent.com/tankvn/awesome-ai-tools/master/README.md,200
Atlancer AI,Copywriting,Copywriting,"With a simple text prompt, you can create your own AI tools!. [Freemium]",atlancer.ai,https://atlancer.ai/,1.0,https://raw.githubusercontent.com/tankvn/awesome-ai-tools/master/README.md,200
Atomic AI,Research Assistant,Research Assistant,Revolutionize RNA drug discovery with AI-driven structural biology.. [Free],atomic.ai,https://atomic.ai/,1.0,https://raw.githubusercontent.com/tankvn/awesome-ai-tools/master/README.md,200
Attri,AI Agents,AI Agents,"Revolutionizes customer service with autonomous AI, boosting efficiency and productivity.. [Contact for Pricing]",attri.ai,https://attri.ai/,1.0,https://raw.githubusercontent.com/tankvn/awesome-ai-tools/master/README.md,200
Attune Health,Health,Health,Attune Health Mobile App. [Paid],attunehealth.app,https://attunehealth.app/,1.0,https://raw.githubusercontent.com/tankvn/awesome-ai-tools/master/README.md,200
Atua,Research Assistant,Research Assistant,"Activate AI, streamline Mac tasks, enhance productivity.. [Paid]",atua.app,https://atua.app/,1.0,https://raw.githubusercontent.com/tankvn/awesome-ai-tools/master/README.md,200
Audify AI,AI Voice Cloning,AI Voice Cloning,"User-friendly platform for voice synthesis with customizable options and instructions, making it versatile for both developers and creatives.",audify-ai.ahmedtokyo.com,https://audify-ai.ahmedtokyo.com/,1.0,https://raw.githubusercontent.com/mahseema/awesome-ai-tools/main/README.md,200
Audio Diary,Personal Assistant,Personal Assistant,Audio Diary is an AI-powered diary that listens to you and intelligently chronicles your most precious moments.. [Free],audiodiary.ai,https://audiodiary.ai/,1.0,https://raw.githubusercontent.com/tankvn/awesome-ai-tools/master/README.md,200
Audio Enhancer,Audio Editing,Audio Editing,AI-powered tool for seamless noise reduction and audio enhancement.. [Freemium],audioenhancer.ai,https://audioenhancer.ai/,1.0,https://raw.githubusercontent.com/tankvn/awesome-ai-tools/master/README.md,200
Audio Strip,Audio Editing,Audio Editing,"Effortlessly isolate vocals, streamline music production.. [Freemium]",audiostrip.co.uk,https://audiostrip.co.uk/,1.0,https://raw.githubusercontent.com/tankvn/awesome-ai-tools/master/README.md,200
AudioCraft,Music,Music,Transform text into stunning audio and soundscapes with ease.. [Free],audiocraft.metademolab.com,https://audiocraft.metademolab.com/,1.0,https://raw.githubusercontent.com/tankvn/awesome-ai-tools/master/README.md,200
Audioatlas,Music,Music,AI-powered music search engine with a global database of over 200 million songs.. [Free],audioatlas.com,https://audioatlas.com/,1.0,https://raw.githubusercontent.com/tankvn/awesome-ai-tools/master/README.md,200
Audyo,Audio Editing,Audio Editing,"Transform text into lifelike speech, featuring celebrity impersonation, multilingual support, and user-friendly editing. [Free Trial]",audyo.ai,https://audyo.ai/,1.0,https://raw.githubusercontent.com/tankvn/awesome-ai-tools/master/README.md,200
Auri AI,Personal Assistant,Personal Assistant,Transform content creation and analytics with AI-driven insights.. [Free Trial],auri.ai,https://auri.ai/,1.0,https://raw.githubusercontent.com/tankvn/awesome-ai-tools/master/README.md,200
Auto Backend,Code Assistant,Code Assistant,Streamline backend creation and management effortlessly.. [Free],autobackend.dev,https://autobackend.dev/,1.0,https://raw.githubusercontent.com/tankvn/awesome-ai-tools/master/README.md,200
AutoBlogging Pro,Writing Generators,Writing Generators,Automates SEO-optimized blog content creation and publication.. [Freemium],autoblogging.pro,https://autoblogging.pro/,1.0,https://raw.githubusercontent.com/tankvn/awesome-ai-tools/master/README.md,200
AutoCut,Video Editing,Video Editing,"Revolutionize video editing: automate silences, captions, B-rolls, enhancing quality and efficiency.. [Free Trial]",autocut.fr,https://autocut.fr/,1.0,https://raw.githubusercontent.com/tankvn/awesome-ai-tools/master/README.md,200
AutoPod,Video Editing,Video Editing,"Automated podcast editing for Adobe Premiere Pro, saving time.. [Free Trial]",autopod.fm,https://autopod.fm/,1.0,https://raw.githubusercontent.com/tankvn/awesome-ai-tools/master/README.md,200
AutoTextGenie AI,Writing Generators,Writing Generators,Power of GPT-4 for all your Social Media Needs. [Paid],autotextgenie.com,https://autotextgenie.com/,1.0,https://raw.githubusercontent.com/tankvn/awesome-ai-tools/master/README.md,200
AutoThread AI,Social Media,Social Media,Transforming Podcasts and Videos into Engaging Twitter Threads.. [Freemium],autothreadai.com,https://autothreadai.com/,1.0,https://raw.githubusercontent.com/tankvn/awesome-ai-tools/master/README.md,200
AutoWrite App,SEO,SEO,"Streamline writing with AI, templates, SEO, and real-time collaboration.. [Freemium]",autowrite.app,https://autowrite.app/,1.0,https://raw.githubusercontent.com/tankvn/awesome-ai-tools/master/README.md,200
Autoblogging.ai,SEO,SEO,"Streamline blogging: auto-generate SEO-optimized, multilingual content.. [Paid]",autoblogging.ai,https://autoblogging.ai/,1.0,https://raw.githubusercontent.com/tankvn/awesome-ai-tools/master/README.md,200
Automaited,E-commerce,E-commerce,"Automates order processing, ensuring accuracy and efficiency.. [Contact for Pricing]",automaited.com,https://automaited.com/,1.0,https://raw.githubusercontent.com/tankvn/awesome-ai-tools/master/README.md,200
Automatic Chat,Customer Support,customer support,AI chatbot for websites offering instant answers and 24/7 customer support. [Paid],automatic.chat,https://automatic.chat/,1.0,https://raw.githubusercontent.com/tankvn/awesome-ai-tools/master/README.md,200
Automix.ai,Education,Education,Revolutionize career growth with AI-driven resume and interview enhancement.. [Paid],automix.ai,https://automix.ai/,1.0,https://raw.githubusercontent.com/tankvn/awesome-ai-tools/master/README.md,200
Autoname,Design Generators,design generators,Autoname is an advanced AI tool that enables users to automatically rename multiple layers in Figma with a single click.. [Free],autoname.org,https://autoname.org/,1.0,https://raw.githubusercontent.com/tankvn/awesome-ai-tools/master/README.md,200
Autotab,Low-code/no-code,low-code/no-code,Streamline Your Workflow with Browser Automation. [Free],autotab.com,https://autotab.com/,1.0,https://raw.githubusercontent.com/tankvn/awesome-ai-tools/master/README.md,200
Autumn AI,Human Resources,Human Resources,Automate burnout prevention with AI-driven insights and 1:1 prompts. [Free Trial],getautumn.com,https://getautumn.com/,1.0,https://raw.githubusercontent.com/tankvn/awesome-ai-tools/master/README.md,200
Avanty,SQL,SQL,"Transform SQL queries with AI, enhancing Metabase integration.. [Paid]",avanty.app,https://avanty.app/,1.0,https://raw.githubusercontent.com/tankvn/awesome-ai-tools/master/README.md,200
Avatar AI,Services,Services,Create your own AI-generated avatars.,avatarai.me,https://avatarai.me/,1.0,https://raw.githubusercontent.com/mahseema/awesome-ai-tools/main/README.md,200
Avc.ai,Image Editing,Image Editing,Avc.ai is a powerful Online AI Image Enhancer that utilizes deep learning algorithms to automatically improve and restore photo quality. [Paid],avc.ai,https://avc.ai/,1.0,https://raw.githubusercontent.com/tankvn/awesome-ai-tools/master/README.md,200
Avoma,Marketing,Marketing,Revolutionize meetings with AI-driven automation and insights.. [Freemium],avoma.com,https://avoma.com/,1.0,https://raw.githubusercontent.com/tankvn/awesome-ai-tools/master/README.md,200
Avtrs,Avatars,Avatars,Create lifelike custom AI avatars effortlessly with advanced technology.. [Paid],avtrs.ai,https://avtrs.ai/,1.0,https://raw.githubusercontent.com/tankvn/awesome-ai-tools/master/README.md,200
Axiom,Low-code/no-code,low-code/no-code,Streamline web tasks with no-code automation and AI integration.. [Free Trial],axiom.ai,https://axiom.ai/,1.0,https://raw.githubusercontent.com/tankvn/awesome-ai-tools/master/README.md,200
Ayanza,Personal Assistant,Personal Assistant,Streamline analytics and automate tasks efficiently with Ayanza.. [Freemium],ayanza.com,https://ayanza.com/,1.0,https://raw.githubusercontent.com/tankvn/awesome-ai-tools/master/README.md,200
Ayraa,Customer Support,customer support,AI-powered tool enhancing customer engagement and operational efficiency.. [Freemium],ayraa.io,https://ayraa.io/,1.0,https://raw.githubusercontent.com/tankvn/awesome-ai-tools/master/README.md,200
B7Labs,Summarizer,Summarizer,Optimize reading with AI summaries and interactive content chat.. [Free],b7labs.co,https://b7labs.co/,1.0,https://raw.githubusercontent.com/tankvn/awesome-ai-tools/master/README.md,200
BG Remover,Image Editing,Image Editing,Remove image backgrounds automatically.. [Freemium],bgremover.stockphotos.com,https://bgremover.stockphotos.com/,1.0,https://raw.githubusercontent.com/tankvn/awesome-ai-tools/master/README.md,200
BLUF,Summarizer,Summarizer,"Summarize, explain, and ask questions about any web content instantly.. [Freemium]",bluf.ai,https://bluf.ai/,1.0,https://raw.githubusercontent.com/tankvn/awesome-ai-tools/master/README.md,200
BOSCO,Spreadsheets,Spreadsheets,AI-powered analytics to reduce ad spend & increase sales.. [Contact for Pricing],askbosco.io,https://askbosco.io/,1.0,https://raw.githubusercontent.com/tankvn/awesome-ai-tools/master/README.md,200
Babble AI,Startup Tools,startup tools,"Transform customer service with human-like, multilingual AI chatbots.. [Free Trial]",babble-ai.com,https://babble-ai.com/,1.0,https://raw.githubusercontent.com/tankvn/awesome-ai-tools/master/README.md,200
BabbleBox,Fun Tools,Fun Tools,AI tool that enhances conversational experiences by emulating human-like conversations.. [Free],babblebox.ai,https://babblebox.ai/,1.0,https://raw.githubusercontent.com/tankvn/awesome-ai-tools/master/README.md,200
Backengine,Low-code/no-code,low-code/no-code,AI-powered browser IDE transforms natural language into deployable code.. [Freemium],backengine.dev,https://backengine.dev/,1.0,https://raw.githubusercontent.com/tankvn/awesome-ai-tools/master/README.md,200
Banani,Design Generators,design generators,Transform text into intuitive UI designs instantly.. [Contact for Pricing],banani.co,https://banani.co/,1.0,https://raw.githubusercontent.com/tankvn/awesome-ai-tools/master/README.md,200
BandoFacile,Summarizer,Summarizer,Effortlessly streamline grant applications with AI-driven BandoFacile.. [Free Trial],bandofacile.com,https://bandofacile.com/,1.0,https://raw.githubusercontent.com/tankvn/awesome-ai-tools/master/README.md,200
Banner GPT,Design Generators,design generators,Elevate Your Blog Post Visuals with AI. [Free],bannergpt.dabble.so,https://bannergpt.dabble.so/,1.0,https://raw.githubusercontent.com/tankvn/awesome-ai-tools/master/README.md,200
Banterai,Fun Tools,Fun Tools,Voice chat with celeb avatars for advice or casual chat.. [Freemium],banterai.app,https://banterai.app/,1.0,https://raw.githubusercontent.com/tankvn/awesome-ai-tools/master/README.md,200
Bappfy,Low-code/no-code,low-code/no-code,Optimizes business applications using AI-driven analytics and automation.. [Paid],bappfy.com,https://bappfy.com/,1.0,https://raw.githubusercontent.com/tankvn/awesome-ai-tools/master/README.md,200
Based AI,Video,Video,AI Intuitive Interface for Video creating,basedlabs.ai,https://basedlabs.ai/,1.0,https://raw.githubusercontent.com/mahseema/awesome-ai-tools/main/README.md,200
